{"loss_discriminator": [-9.773536682128906, -10.566743850708008, -10.054471015930176, -10.26649284362793, -11.051621437072754, -9.791996002197266, -10.818732261657715, -4.987236499786377, -5.450901508331299, -4.382446765899658], "loss_generator": [0.6226686239242554, 3.498556137084961, 3.9496235847473145, 5.570215702056885, 7.511464595794678, 5.991114616394043, 8.852524757385254, -1.6994349956512451, -0.4624673128128052, -0.14420227706432343], "analyzer_positives": [0.0, 0.0, 0.0, 0.0, 0.0, 0.0, 0.0, 0.0, 0.0, 0.0], "mse_list": [6.02803897857666, 6.899069309234619, 6.709255695343018, 4.813167572021484, 4.680680274963379, 4.723204612731934, 4.67175817489624, 3.0917320251464844, 3.685847520828247, 3.0170631408691406]}