{"loss_discriminator": [-10.110084533691406, -10.816110610961914, -10.927703857421875, -10.604757308959961, -10.235182762145996, -11.045082092285156, -14.36016845703125, -7.929876327514648, -11.047891616821289, -6.361860752105713], "loss_generator": [2.702587127685547, 4.382209777832031, 3.3470964431762695, 4.01755952835083, 3.697657585144043, 8.53709602355957, 2.643846035003662, 5.986159324645996, 6.979931831359863, 0.5669231414794922], "analyzer_positives": [0.0, 0.0, 0.0, 0.0, 0.0, 0.0, 0.0, 0.0, 0.0, 0.0], "mse_list": [6.468888282775879, 6.689281463623047, 6.780999660491943, 6.593038558959961, 6.45908260345459, 6.594714641571045, 4.804907321929932, 4.209995746612549, 3.5939595699310303, 4.276848316192627]}